"Data Source","World Development Indicators",

"Last Updated Date","2022-12-22",

"Country Name","Country Code","Indicator Name","Indicator Code","1960","1961","1962","1963","1964","1965","1966","1967","1968","1969","1970","1971","1972","1973","1974","1975","1976","1977","1978","1979","1980","1981","1982","1983","1984","1985","1986","1987","1988","1989","1990","1991","1992","1993","1994","1995","1996","1997","1998","1999","2000","2001","2002","2003","2004","2005","2006","2007","2008","2009","2010","2011","2012","2013","2014","2015","2016","2017","2018","2019","2020","2021",
"Aruba","ABW","Prevalence of current tobacco use (% of adults)","SH.PRV.SMOK","","","","","","","","","","","","","","","","","","","","","","","","","","","","","","","","","","","","","","","","","","","","","","","","","","","","","","","","","","","","","","",
"Africa Eastern and Southern","AFE","Prevalence of current tobacco use (% of adults)","SH.PRV.SMOK","","","","","","","","","","","","","","","","","","","","","","","","","","","","","","","","","","","","","","","","","21.2069177690197","","","","","18.2465967246938","","","","","15.8535255110021","","","","","13.8594505184696","","","12.4799089116811","12.4514562838458","12.1257344217889","",
"Afghanistan","AFG","Prevalence of current tobacco use (% of adults)","SH.PRV.SMOK","","","","","","","","","","","","","","","","","","","","","","","","","","","","","","","","","","","","","","","","","36.9","","","","","32.7","","","","","29.1","","","","","26","","","23.8","23.8","23.3","",
"Africa Western and Central","AFW","Prevalence of current tobacco use (% of adults)","SH.PRV.SMOK","","","","","","","","","","","","","","","","","","","","","","","","","","","","","","","","","","","","","","","","","12.7803934546453","","","","","10.5965124636657","","","","","8.77580775190699","","","","","7.31805704383868","","","6.34763126140221","6.3529411272548","6.12063820511717","",
"Angola","AGO","Prevalence of current tobacco use (% of adults)","SH.PRV.SMOK","","","","","","","","","","","","","","","","","","","","","","","","","","","","","","","","","","","","","","","","","","","","","","","","","","","","","","","","","","","","","","",
"Albania","ALB","Prevalence of current tobacco use (% of adults)","SH.PRV.SMOK","","","","","","","","","","","","","","","","","","","","","","","","","","","","","","","","","","","","","","","","","35","","","","","31.3","","","","","28","","","","","25.1","","","23","23","22.4","",
"Andorra","AND","Prevalence of current tobacco use (% of adults)","SH.PRV.SMOK","","","","","","","","","","","","","","","","","","","","","","","","","","","","","","","","","","","","","","","","","35.9","","","","","34.8","","","","","34","","","","","33","","","32","32","31.8","",
"Arab World","ARB","Prevalence of current tobacco use (% of adults)","SH.PRV.SMOK","","","","","","","","","","","","","","","","","","","","","","","","","","","","","","","","","","","","","","","","","23.4298551805993","","","","","22.4968445430098","","","","","21.7424595692284","","","","","21.1259796702467","","","20.7045895208113","20.6900806817012","20.5715554111631","",
"United Arab Emirates","ARE","Prevalence of current tobacco use (% of adults)","SH.PRV.SMOK","","","","","","","","","","","","","","","","","","","","","","","","","","","","","","","","","","","","","","","","","","","","","","","","","","","","","","","","","","","","","","",
"Argentina","ARG","Prevalence of current tobacco use (% of adults)","SH.PRV.SMOK","","","","","","","","","","","","","","","","","","","","","","","","","","","","","","","","","","","","","","","","","34","","","","","31.5","","","","","28.9","","","","","26.6","","","24.9","24.9","24.5","",
"Armenia","ARM","Prevalence of current tobacco use (% of adults)","SH.PRV.SMOK","","","","","","","","","","","","","","","","","","","","","","","","","","","","","","","","","","","","","","","","","32","","","","","30.3","","","","","28.6","","","","","26.9","","","25.8","25.8","25.5","",
"American Samoa","ASM","Prevalence of current tobacco use (% of adults)","SH.PRV.SMOK","","","","","","","","","","","","","","","","","","","","","","","","","","","","","","","","","","","","","","","","","","","","","","","","","","","","","","","","","","","","","","",
"Antigua and Barbuda","ATG","Prevalence of current tobacco use (% of adults)","SH.PRV.SMOK","","","","","","","","","","","","","","","","","","","","","","","","","","","","","","","","","","","","","","","","","","","","","","","","","","","","","","","","","","","","","","",
"Australia","AUS","Prevalence of current tobacco use (% of adults)","SH.PRV.SMOK","","","","","","","","","","","","","","","","","","","","","","","","","","","","","","","","","","","","","","","","","24.4","","","","","21.1","","","","","18.2","","","","","15.7","","","14","14","13.6","",
"Austria","AUT","Prevalence of current tobacco use (% of adults)","SH.PRV.SMOK","","","","","","","","","","","","","","","","","","","","","","","","","","","","","","","","","","","","","","","","","52.3","","","","","43.8","","","","","37.1","","","","","31.2","","","27.1","27.1","26.4","",
"Azerbaijan","AZE","Prevalence of current tobacco use (% of adults)","SH.PRV.SMOK","","","","","","","","","","","","","","","","","","","","","","","","","","","","","","","","","","","","","","","","","28.7","","","","","27.6","","","","","26.2","","","","","25.2","","","24.2","24.2","24","",
"Burundi","BDI","Prevalence of current tobacco use (% of adults)","SH.PRV.SMOK","","","","","","","","","","","","","","","","","","","","","","","","","","","","","","","","","","","","","","","","","24","","","","","19.8","","","","","16.6","","","","","13.9","","","12.2","12.2","11.8","",
"Belgium","BEL","Prevalence of current tobacco use (% of adults)","SH.PRV.SMOK","","","","","","","","","","","","","","","","","","","","","","","","","","","","","","","","","","","","","","","","","33.4","","","","","30.5","","","","","28","","","","","25.7","","","23.9","23.9","23.4","",
"Benin","BEN","Prevalence of current tobacco use (% of adults)","SH.PRV.SMOK","","","","","","","","","","","","","","","","","","","","","","","","","","","","","","","","","","","","","","","","","16.7","","","","","13.4","","","","","10.7","","","","","8.6","","","7.2","7.2","6.9","",
"Burkina Faso","BFA","Prevalence of current tobacco use (% of adults)","SH.PRV.SMOK","","","","","","","","","","","","","","","","","","","","","","","","","","","","","","","","","","","","","","","","","29.8","","","","","24.7","","","","","20.5","","","","","17","","","14.9","14.9","14.3","",
"Bangladesh","BGD","Prevalence of current tobacco use (% of adults)","SH.PRV.SMOK","","","","","","","","","","","","","","","","","","","","","","","","","","","","","","","","","","","","","","","","","57.6","","","","","50.3","","","","","44","","","","","38.9","","","35.2","35.2","34.7","",
"Bulgaria","BGR","Prevalence of current tobacco use (% of adults)","SH.PRV.SMOK","","","","","","","","","","","","","","","","","","","","","","","","","","","","","","","","","","","","","","","","","47.5","","","","","45","","","","","42.9","","","","","40.7","","","39.4","39.4","39","",
"Bahrain","BHR","Prevalence of current tobacco use (% of adults)","SH.PRV.SMOK","","","","","","","","","","","","","","","","","","","","","","","","","","","","","","","","","","","","","","","","","22.2","","","","","20","","","","","18.1","","","","","16.4","","","15.2","15.2","14.9","",
"Bahamas, The","BHS","Prevalence of current tobacco use (% of adults)","SH.PRV.SMOK","","","","","","","","","","","","","","","","","","","","","","","","","","","","","","","","","","","","","","","","","10.7","","","","","10.7","","","","","10.7","","","","","10.6","","","10.7","10.7","10.6","",
"Bosnia and Herzegovina","BIH","Prevalence of current tobacco use (% of adults)","SH.PRV.SMOK","","","","","","","","","","","","","","","","","","","","","","","","","","","","","","","","","","","","","","","","","46.6","","","","","43.4","","","","","40.3","","","","","37.7","","","35.5","35.5","35","",
"Belarus","BLR","Prevalence of current tobacco use (% of adults)","SH.PRV.SMOK","","","","","","","","","","","","","","","","","","","","","","","","","","","","","","","","","","","","","","","","","41.8","","","","","38.8","","","","","35.8","","","","","33","","","30.9","30.9","30.5","",
"Belize","BLZ","Prevalence of current tobacco use (% of adults)","SH.PRV.SMOK","","","","","","","","","","","","","","","","","","","","","","","","","","","","","","","","","","","","","","","","","15","","","","","13","","","","","11.3","","","","","9.7","","","8.8","8.8","8.5","",
"Bermuda","BMU","Prevalence of current tobacco use (% of adults)","SH.PRV.SMOK","","","","","","","","","","","","","","","","","","","","","","","","","","","","","","","","","","","","","","","","","","","","","","","","","","","","","","","","","","","","","","",
"Bolivia","BOL","Prevalence of current tobacco use (% of adults)","SH.PRV.SMOK","","","","","","","","","","","","","","","","","","","","","","","","","","","","","","","","","","","","","","","","","32.1","","","","","24.9","","","","","19.5","","","","","15.6","","","13.2","13.2","12.7","",
"Brazil","BRA","Prevalence of current tobacco use (% of adults)","SH.PRV.SMOK","","","","","","","","","","","","","","","","","","","","","","","","","","","","","","","","","","","","","","","","","23.8","","","","","20.4","","","","","17.4","","","","","14.9","","","13.2","13.2","12.8","",
"Barbados","BRB","Prevalence of current tobacco use (% of adults)","SH.PRV.SMOK","","","","","","","","","","","","","","","","","","","","","","","","","","","","","","","","","","","","","","","","","10.2","","","","","9.7","","","","","9.2","","","","","8.8","","","8.5","8.5","8.5","",
"Brunei Darussalam","BRN","Prevalence of current tobacco use (% of adults)","SH.PRV.SMOK","","","","","","","","","","","","","","","","","","","","","","","","","","","","","","","","","","","","","","","","","16.7","","","","","16.5","","","","","16.4","","","","","16.3","","","16.2","16.2","16.2","",
"Bhutan","BTN","Prevalence of current tobacco use (% of adults)","SH.PRV.SMOK","","","","","","","","","","","","","","","","","","","","","","","","","","","","","","","","","","","","","","","","","","","","","","","","","","","","","","","","","","","","","","",
"Botswana","BWA","Prevalence of current tobacco use (% of adults)","SH.PRV.SMOK","","","","","","","","","","","","","","","","","","","","","","","","","","","","","","","","","","","","","","","","","33.2","","","","","28.5","","","","","24.8","","","","","21.7","","","19.8","19.8","19.4","",
"Central African Republic","CAF","Prevalence of current tobacco use (% of adults)","SH.PRV.SMOK","","","","","","","","","","","","","","","","","","","","","","","","","","","","","","","","","","","","","","","","","","","","","","","","","","","","","","","","","","","","","","",
"Canada","CAN","Prevalence of current tobacco use (% of adults)","SH.PRV.SMOK","","","","","","","","","","","","","","","","","","","","","","","","","","","","","","","","","","","","","","","","","28.4","","","","","23.3","","","","","19.3","","","","","15.8","","","13.6","13.6","13","",
"Central Europe and the Baltics","CEB","Prevalence of current tobacco use (% of adults)","SH.PRV.SMOK","","","","","","","","","","","","","","","","","","","","","","","","","","","","","","","","","","","","","","","","","37.90605913603","","","","","35.2854167359844","","","","","32.8246189185394","","","","","30.6136807659237","","","29.0895865619491","29.083998713985","28.6392860841395","",
"Switzerland","CHE","Prevalence of current tobacco use (% of adults)","SH.PRV.SMOK","","","","","","","","","","","","","","","","","","","","","","","","","","","","","","","","","","","","","","","","","28.3","","","","","27.7","","","","","26.9","","","","","26.2","","","25.7","25.7","25.5","",
"Channel Islands","CHI","Prevalence of current tobacco use (% of adults)","SH.PRV.SMOK","","","","","","","","","","","","","","","","","","","","","","","","","","","","","","","","","","","","","","","","","","","","","","","","","","","","","","","","","","","","","","",
"Chile","CHL","Prevalence of current tobacco use (% of adults)","SH.PRV.SMOK","","","","","","","","","","","","","","","","","","","","","","","","","","","","","","","","","","","","","","","","","46.9","","","","","41.7","","","","","37.1","","","","","32.9","","","29.9","29.9","29.2","",
"China","CHN","Prevalence of current tobacco use (% of adults)","SH.PRV.SMOK","","","","","","","","","","","","","","","","","","","","","","","","","","","","","","","","","","","","","","","","","26.7","","","","","26.6","","","","","26.2","","","","","25.9","","","25.7","25.7","25.6","",
"Cote d'Ivoire","CIV","Prevalence of current tobacco use (% of adults)","SH.PRV.SMOK","","","","","","","","","","","","","","","","","","","","","","","","","","","","","","","","","","","","","","","","","18.7","","","","","15.8","","","","","13.2","","","","","11.1","","","9.7","9.7","9.4","",
"Cameroon","CMR","Prevalence of current tobacco use (% of adults)","SH.PRV.SMOK","","","","","","","","","","","","","","","","","","","","","","","","","","","","","","","","","","","","","","","","","12.8","","","","","11.2","","","","","9.7","","","","","8.4","","","7.5","7.5","7.3","",
"Congo, Dem. Rep.","COD","Prevalence of current tobacco use (% of adults)","SH.PRV.SMOK","","","","","","","","","","","","","","","","","","","","","","","","","","","","","","","","","","","","","","","","","18.8","","","","","16.9","","","","","15.4","","","","","14","","","13","13","12.8","",
"Congo, Rep.","COG","Prevalence of current tobacco use (% of adults)","SH.PRV.SMOK","","","","","","","","","","","","","","","","","","","","","","","","","","","","","","","","","","","","","","","","","11.9","","","","","12.2","","","","","12.8","","","","","13.5","","","14.3","14.3","14.5","",
"Colombia","COL","Prevalence of current tobacco use (% of adults)","SH.PRV.SMOK","","","","","","","","","","","","","","","","","","","","","","","","","","","","","","","","","","","","","","","","","15.1","","","","","13.2","","","","","11.4","","","","","9.9","","","8.8","8.8","8.5","",
"Comoros","COM","Prevalence of current tobacco use (% of adults)","SH.PRV.SMOK","","","","","","","","","","","","","","","","","","","","","","","","","","","","","","","","","","","","","","","","","39.5","","","","","32.8","","","","","27.7","","","","","23.5","","","20.8","20.8","20.3","",
"Cabo Verde","CPV","Prevalence of current tobacco use (% of adults)","SH.PRV.SMOK","","","","","","","","","","","","","","","","","","","","","","","","","","","","","","","","","","","","","","","","","20.6","","","","","17.8","","","","","15.2","","","","","13.1","","","11.7","11.7","11.4","",
"Costa Rica","CRI","Prevalence of current tobacco use (% of adults)","SH.PRV.SMOK","","","","","","","","","","","","","","","","","","","","","","","","","","","","","","","","","","","","","","","","","18","","","","","15","","","","","12.6","","","","","10.5","","","9.1","9.1","8.8","",
"Caribbean small states","CSS","Prevalence of current tobacco use (% of adults)","SH.PRV.SMOK","","","","","","","","","","","","","","","","","","","","","","","","","","","","","","","","","","","","","","","","","","","","","","","","","","","","","","","","","","","","","","",
"Cuba","CUB","Prevalence of current tobacco use (% of adults)","SH.PRV.SMOK","","","","","","","","","","","","","","","","","","","","","","","","","","","","","","","","","","","","","","","","","40.8","","","","","33.2","","","","","27","","","","","22","","","18.7","18.7","17.9","",
"Curacao","CUW","Prevalence of current tobacco use (% of adults)","SH.PRV.SMOK","","","","","","","","","","","","","","","","","","","","","","","","","","","","","","","","","","","","","","","","","","","","","","","","","","","","","","","","","","","","","","",
"Cayman Islands","CYM","Prevalence of current tobacco use (% of adults)","SH.PRV.SMOK","","","","","","","","","","","","","","","","","","","","","","","","","","","","","","","","","","","","","","","","","","","","","","","","","","","","","","","","","","","","","","",
"Cyprus","CYP","Prevalence of current tobacco use (% of adults)","SH.PRV.SMOK","","","","","","","","","","","","","","","","","","","","","","","","","","","","","","","","","","","","","","","","","40.9","","","","","39.2","","","","","37.7","","","","","36.4","","","35.5","35.5","35.1","",
"Czechia","CZE","Prevalence of current tobacco use (% of adults)","SH.PRV.SMOK","","","","","","","","","","","","","","","","","","","","","","","","","","","","","","","","","","","","","","","","","34.2","","","","","33.4","","","","","32.3","","","","","31.4","","","30.9","30.9","30.7","",
"Germany","DEU","Prevalence of current tobacco use (% of adults)","SH.PRV.SMOK","","","","","","","","","","","","","","","","","","","","","","","","","","","","","","","","","","","","","","","","","36.4","","","","","32.1","","","","","28.3","","","","","24.9","","","22.5","22.5","22","",
"Djibouti","DJI","Prevalence of current tobacco use (% of adults)","SH.PRV.SMOK","","","","","","","","","","","","","","","","","","","","","","","","","","","","","","","","","","","","","","","","","","","","","","","","","","","","","","","","","","","","","","",
"Dominica","DMA","Prevalence of current tobacco use (% of adults)","SH.PRV.SMOK","","","","","","","","","","","","","","","","","","","","","","","","","","","","","","","","","","","","","","","","","","","","","","","","","","","","","","","","","","","","","","",
"Denmark","DNK","Prevalence of current tobacco use (% of adults)","SH.PRV.SMOK","","","","","","","","","","","","","","","","","","","","","","","","","","","","","","","","","","","","","","","","","37.3","","","","","30.8","","","","","25.5","","","","","21.1","","","18.1","18.1","17.5","",
"Dominican Republic","DOM","Prevalence of current tobacco use (% of adults)","SH.PRV.SMOK","","","","","","","","","","","","","","","","","","","","","","","","","","","","","","","","","","","","","","","","","18.7","","","","","16.1","","","","","13.9","","","","","12.2","","","10.9","10.9","10.6","",
"Algeria","DZA","Prevalence of current tobacco use (% of adults)","SH.PRV.SMOK","","","","","","","","","","","","","","","","","","","","","","","","","","","","","","","","","","","","","","","","","22.2","","","","","21.8","","","","","21.5","","","","","21.1","","","21","21","21","",
"East Asia & Pacific (excluding high income)","EAP","Prevalence of current tobacco use (% of adults)","SH.PRV.SMOK","","","","","","","","","","","","","","","","","","","","","","","","","","","","","","","","","","","","","","","","","29.5066108014269","","","","","28.9211038740517","","","","","28.2046377252279","","","","","27.604136856655","","","27.1929464881506","27.2011328559104","27.0972248524899","",
"Early-demographic dividend","EAR","Prevalence of current tobacco use (% of adults)","SH.PRV.SMOK","","","","","","","","","","","","","","","","","","","","","","","","","","","","","","","","","","","","","","","","","42.6055706720066","","","","","36.8915397625816","","","","","32.1198227950059","","","","","28.2971685953086","","","25.6693387914183","25.6506219797327","25.0975423376518","",
"East Asia & Pacific","EAS","Prevalence of current tobacco use (% of adults)","SH.PRV.SMOK","","","","","","","","","","","","","","","","","","","","","","","","","","","","","","","","","","","","","","","","","29.8358995681482","","","","","28.8804136237544","","","","","27.8700088507989","","","","","27.0276255722124","","","26.4450049646154","26.4533766961221","26.3180069538547","",
"Europe & Central Asia (excluding high income)","ECA","Prevalence of current tobacco use (% of adults)","SH.PRV.SMOK","","","","","","","","","","","","","","","","","","","","","","","","","","","","","","","","","","","","","","","","","34.0799911492673","","","","","31.9073340613974","","","","","30.092036602925","","","","","28.4335449717267","","","27.247987598219","27.2356849150212","26.9137044609207","",
"Europe & Central Asia","ECS","Prevalence of current tobacco use (% of adults)","SH.PRV.SMOK","","","","","","","","","","","","","","","","","","","","","","","","","","","","","","","","","","","","","","","","","35.0196855466468","","","","","32.1644175376991","","","","","29.7135726819473","","","","","27.5507944424932","","","26.039195684242","26.0333933238282","25.6414518889331","",
"Ecuador","ECU","Prevalence of current tobacco use (% of adults)","SH.PRV.SMOK","","","","","","","","","","","","","","","","","","","","","","","","","","","","","","","","","","","","","","","","","18.4","","","","","16.2","","","","","14.5","","","","","12.8","","","11.6","11.6","11.3","",
"Egypt, Arab Rep.","EGY","Prevalence of current tobacco use (% of adults)","SH.PRV.SMOK","","","","","","","","","","","","","","","","","","","","","","","","","","","","","","","","","","","","","","","","","24.3","","","","","24.1","","","","","24.3","","","","","24.3","","","24.4","24.4","24.3","",
"Euro area","EMU","Prevalence of current tobacco use (% of adults)","SH.PRV.SMOK","","","","","","","","","","","","","","","","","","","","","","","","","","","","","","","","","","","","","","","","","34.6710254319558","","","","","32.1699504427786","","","","","29.9268636006082","","","","","27.9212764274634","","","26.5166190478209","26.5254684079498","26.1665747189492","",
"Eritrea","ERI","Prevalence of current tobacco use (% of adults)","SH.PRV.SMOK","","","","","","","","","","","","","","","","","","","","","","","","","","","","","","","","","","","","","","","","","13.3","","","","","11.5","","","","","10","","","","","8.7","","","7.7","7.7","7.5","",
"Spain","ESP","Prevalence of current tobacco use (% of adults)","SH.PRV.SMOK","","","","","","","","","","","","","","","","","","","","","","","","","","","","","","","","","","","","","","","","","36.8","","","","","34.3","","","","","31.9","","","","","29.7","","","28.1","28.1","27.7","",
"Estonia","EST","Prevalence of current tobacco use (% of adults)","SH.PRV.SMOK","","","","","","","","","","","","","","","","","","","","","","","","","","","","","","","","","","","","","","","","","46","","","","","41.6","","","","","37.2","","","","","33.3","","","30.5","30.5","29.7","",
"Ethiopia","ETH","Prevalence of current tobacco use (% of adults)","SH.PRV.SMOK","","","","","","","","","","","","","","","","","","","","","","","","","","","","","","","","","","","","","","","","","6.8","","","","","6.3","","","","","5.9","","","","","5.5","","","5.2","5.2","5.1","",
"European Union","EUU","Prevalence of current tobacco use (% of adults)","SH.PRV.SMOK","","","","","","","","","","","","","","","","","","","","","","","","","","","","","","","","","","","","","","","","","35.6293838504311","","","","","32.9341401927375","","","","","30.5038124549451","","","","","28.3398696088737","","","26.8262423225201","26.8297324612283","26.4317603211118","",
"Fragile and conflict affected situations","FCS","Prevalence of current tobacco use (% of adults)","SH.PRV.SMOK","","","","","","","","","","","","","","","","","","","","","","","","","","","","","","","","","","","","","","","","","24.4212465905536","","","","","21.3120491759969","","","","","18.5755226037642","","","","","16.2657250577701","","","14.6886026786217","14.5970060737709","14.1949457510151","",
"Finland","FIN","Prevalence of current tobacco use (% of adults)","SH.PRV.SMOK","","","","","","","","","","","","","","","","","","","","","","","","","","","","","","","","","","","","","","","","","35.7","","","","","31.4","","","","","27.8","","","","","24.5","","","22.2","22.2","21.6","",
"Fiji","FJI","Prevalence of current tobacco use (% of adults)","SH.PRV.SMOK","","","","","","","","","","","","","","","","","","","","","","","","","","","","","","","","","","","","","","","","","32.3","","","","","29.7","","","","","27.4","","","","","25.1","","","23.4","23.4","23.1","",
"France","FRA","Prevalence of current tobacco use (% of adults)","SH.PRV.SMOK","","","","","","","","","","","","","","","","","","","","","","","","","","","","","","","","","","","","","","","","","34.2","","","","","34.1","","","","","33.8","","","","","33.7","","","33.6","33.6","33.4","",
"Faroe Islands","FRO","Prevalence of current tobacco use (% of adults)","SH.PRV.SMOK","","","","","","","","","","","","","","","","","","","","","","","","","","","","","","","","","","","","","","","","","","","","","","","","","","","","","","","","","","","","","","",
"Micronesia, Fed. Sts.","FSM","Prevalence of current tobacco use (% of adults)","SH.PRV.SMOK","","","","","","","","","","","","","","","","","","","","","","","","","","","","","","","","","","","","","","","","","","","","","","","","","","","","","","","","","","","","","","",
"Gabon","GAB","Prevalence of current tobacco use (% of adults)","SH.PRV.SMOK","","","","","","","","","","","","","","","","","","","","","","","","","","","","","","","","","","","","","","","","","","","","","","","","","","","","","","","","","","","","","","",
"United Kingdom","GBR","Prevalence of current tobacco use (% of adults)","SH.PRV.SMOK","","","","","","","","","","","","","","","","","","","","","","","","","","","","","","","","","","","","","","","","","37.9","","","","","30.1","","","","","24.1","","","","","19.3","","","16.1","16.1","15.4","",
"Georgia","GEO","Prevalence of current tobacco use (% of adults)","SH.PRV.SMOK","","","","","","","","","","","","","","","","","","","","","","","","","","","","","","","","","","","","","","","","","32.8","","","","","32.6","","","","","32.2","","","","","32","","","31.7","31.7","31.7","",
"Ghana","GHA","Prevalence of current tobacco use (% of adults)","SH.PRV.SMOK","","","","","","","","","","","","","","","","","","","","","","","","","","","","","","","","","","","","","","","","","7","","","","","5.9","","","","","4.9","","","","","4.2","","","3.6","3.6","3.5","",
"Gibraltar","GIB","Prevalence of current tobacco use (% of adults)","SH.PRV.SMOK","","","","","","","","","","","","","","","","","","","","","","","","","","","","","","","","","","","","","","","","","","","","","","","","","","","","","","","","","","","","","","",
"Guinea","GIN","Prevalence of current tobacco use (% of adults)","SH.PRV.SMOK","","","","","","","","","","","","","","","","","","","","","","","","","","","","","","","","","","","","","","","","","","","","","","","","","","","","","","","","","","","","","","",
"Gambia, The","GMB","Prevalence of current tobacco use (% of adults)","SH.PRV.SMOK","","","","","","","","","","","","","","","","","","","","","","","","","","","","","","","","","","","","","","","","","22.5","","","","","18.8","","","","","15.8","","","","","13.3","","","11.6","11.6","11.1","",
"Guinea-Bissau","GNB","Prevalence of current tobacco use (% of adults)","SH.PRV.SMOK","","","","","","","","","","","","","","","","","","","","","","","","","","","","","","","","","","","","","","","","","18","","","","","15","","","","","12.7","","","","","10.7","","","9.3","9.3","9","",
"Equatorial Guinea","GNQ","Prevalence of current tobacco use (% of adults)","SH.PRV.SMOK","","","","","","","","","","","","","","","","","","","","","","","","","","","","","","","","","","","","","","","","","","","","","","","","","","","","","","","","","","","","","","",
"Greece","GRC","Prevalence of current tobacco use (% of adults)","SH.PRV.SMOK","","","","","","","","","","","","","","","","","","","","","","","","","","","","","","","","","","","","","","","","","54.9","","","","","48.5","","","","","42.9","","","","","37.9","","","34.5","34.5","33.5","",
"Grenada","GRD","Prevalence of current tobacco use (% of adults)","SH.PRV.SMOK","","","","","","","","","","","","","","","","","","","","","","","","","","","","","","","","","","","","","","","","","","","","","","","","","","","","","","","","","","","","","","",
"Greenland","GRL","Prevalence of current tobacco use (% of adults)","SH.PRV.SMOK","","","","","","","","","","","","","","","","","","","","","","","","","","","","","","","","","","","","","","","","","","","","","","","","","","","","","","","","","","","","","","",
"Guatemala","GTM","Prevalence of current tobacco use (% of adults)","SH.PRV.SMOK","","","","","","","","","","","","","","","","","","","","","","","","","","","","","","","","","","","","","","","","","14.3","","","","","13.4","","","","","12.5","","","","","11.6","","","11","11","10.9","",
"Guam","GUM","Prevalence of current tobacco use (% of adults)","SH.PRV.SMOK","","","","","","","","","","","","","","","","","","","","","","","","","","","","","","","","","","","","","","","","","","","","","","","","","","","","","","","","","","","","","","",
"Guyana","GUY","Prevalence of current tobacco use (% of adults)","SH.PRV.SMOK","","","","","","","","","","","","","","","","","","","","","","","","","","","","","","","","","","","","","","","","","30.2","","","","","24.1","","","","","19.1","","","","","15.1","","","12.6","12.6","12.1","",
"High income","HIC","Prevalence of current tobacco use (% of adults)","SH.PRV.SMOK","","","","","","","","","","","","","","","","","","","","","","","","","","","","","","","","","","","","","","","","","33.9682546246315","","","","","30.5023365329839","","","","","27.4692022494913","","","","","24.7474914085054","","","22.8762061900036","22.8642905348595","22.4438088754495","",
"Hong Kong SAR, China","HKG","Prevalence of current tobacco use (% of adults)","SH.PRV.SMOK","","","","","","","","","","","","","","","","","","","","","","","","","","","","","","","","","","","","","","","","","","","","","","","","","","","","","","","","","","","","","","",
"Honduras","HND","Prevalence of current tobacco use (% of adults)","SH.PRV.SMOK","","","","","","","","","","","","","","","","","","","","","","","","","","","","","","","","","","","","","","","","","","","","","","","","","","","","","","","","","","","","","","",
"Heavily indebted poor countries (HIPC)","HPC","Prevalence of current tobacco use (% of adults)","SH.PRV.SMOK","","","","","","","","","","","","","","","","","","","","","","","","","","","","","","","","","","","","","","","","","20.026552098029","","","","","16.8457200345279","","","","","14.2699381296199","","","","","12.2585484223674","","","10.8969458449469","10.8983830206752","10.5899352246556","",
"Croatia","HRV","Prevalence of current tobacco use (% of adults)","SH.PRV.SMOK","","","","","","","","","","","","","","","","","","","","","","","","","","","","","","","","","","","","","","","","","34.4","","","","","34.9","","","","","35.4","","","","","36.1","","","36.7","36.7","36.9","",
"Haiti","HTI","Prevalence of current tobacco use (% of adults)","SH.PRV.SMOK","","","","","","","","","","","","","","","","","","","","","","","","","","","","","","","","","","","","","","","","","12.3","","","","","10.9","","","","","9.7","","","","","8.6","","","7.9","7.9","7.7","",
"Hungary","HUN","Prevalence of current tobacco use (% of adults)","SH.PRV.SMOK","","","","","","","","","","","","","","","","","","","","","","","","","","","","","","","","","","","","","","","","","37.4","","","","","35.9","","","","","34.6","","","","","33.2","","","32.2","32.2","31.8","",
"IBRD only","IBD","Prevalence of current tobacco use (% of adults)","SH.PRV.SMOK","","","","","","","","","","","","","","","","","","","","","","","","","","","","","","","","","","","","","","","","","34.9047756736609","","","","","31.7864175342777","","","","","29.0818674133163","","","","","26.8221488772194","","","25.1999040614058","25.1934254101295","24.8130577169304","",
"IDA & IBRD total","IBT","Prevalence of current tobacco use (% of adults)","SH.PRV.SMOK","","","","","","","","","","","","","","","","","","","","","","","","","","","","","","","","","","","","","","","","","34.2963725115285","","","","","30.906108384593","","","","","27.9290731682001","","","","","25.4159311485148","","","23.6289576027152","23.5923496361682","23.1701211437072","",
"IDA total","IDA","Prevalence of current tobacco use (% of adults)","SH.PRV.SMOK","","","","","","","","","","","","","","","","","","","","","","","","","","","","","","","","","","","","","","","","","31.3403335642538","","","","","26.8186836605245","","","","","22.8781958863372","","","","","19.6486800985266","","","17.4623087785468","17.4031484660467","16.9219623076067","",
"IDA blend","IDB","Prevalence of current tobacco use (% of adults)","SH.PRV.SMOK","","","","","","","","","","","","","","","","","","","","","","","","","","","","","","","","","","","","","","","","","24.4015564555929","","","","","20.9604150152279","","","","","18.1307418308976","","","","","15.538672208458","","","13.6743428975848","13.6479486896841","13.2351520342187","",
"Indonesia","IDN","Prevalence of current tobacco use (% of adults)","SH.PRV.SMOK","","","","","","","","","","","","","","","","","","","","","","","","","","","","","","","","","","","","","","","","","35.4","","","","","35.8","","","","","36.3","","","","","36.7","","","37.2","37.2","37.6","",
"IDA only","IDX","Prevalence of current tobacco use (% of adults)","SH.PRV.SMOK","","","","","","","","","","","","","","","","","","","","","","","","","","","","","","","","","","","","","","","","","35.4030354324741","","","","","30.262488386351","","","","","25.6916460680134","","","","","22.0319589656502","","","19.6197154410201","19.5339637253118","19.0073430009839","",
"Isle of Man","IMN","Prevalence of current tobacco use (% of adults)","SH.PRV.SMOK","","","","","","","","","","","","","","","","","","","","","","","","","","","","","","","","","","","","","","","","","","","","","","","","","","","","","","","","","","","","","","",
"India","IND","Prevalence of current tobacco use (% of adults)","SH.PRV.SMOK","","","","","","","","","","","","","","","","","","","","","","","","","","","","","","","","","","","","","","","","","54.5","","","","","45.5","","","","","38.1","","","","","32.2","","","28.1","28.1","27.2","",
"Not classified","INX","Prevalence of current tobacco use (% of adults)","SH.PRV.SMOK","","","","","","","","","","","","","","","","","","","","","","","","","","","","","","","","","","","","","","","","","","","","","","","","","","","","","","","","","","","","","","",
"Ireland","IRL","Prevalence of current tobacco use (% of adults)","SH.PRV.SMOK","","","","","","","","","","","","","","","","","","","","","","","","","","","","","","","","","","","","","","","","","35.6","","","","","31.2","","","","","27.1","","","","","23.8","","","21.4","21.4","20.8","",
"Iran, Islamic Rep.","IRN","Prevalence of current tobacco use (% of adults)","SH.PRV.SMOK","","","","","","","","","","","","","","","","","","","","","","","","","","","","","","","","","","","","","","","","","21.5","","","","","19","","","","","17","","","","","15.3","","","14","14","13.6","",
"Iraq","IRQ","Prevalence of current tobacco use (% of adults)","SH.PRV.SMOK","","","","","","","","","","","","","","","","","","","","","","","","","","","","","","","","","","","","","","","","","22","","","","","20.6","","","","","19.9","","","","","19.1","","","18.8","18.8","18.5","",
"Iceland","ISL","Prevalence of current tobacco use (% of adults)","SH.PRV.SMOK","","","","","","","","","","","","","","","","","","","","","","","","","","","","","","","","","","","","","","","","","30.2","","","","","24","","","","","19.1","","","","","15.2","","","12.6","12.6","12","",
"Israel","ISR","Prevalence of current tobacco use (% of adults)","SH.PRV.SMOK","","","","","","","","","","","","","","","","","","","","","","","","","","","","","","","","","","","","","","","","","31.7","","","","","28.6","","","","","25.9","","","","","23.4","","","21.6","21.6","21.2","",
"Italy","ITA","Prevalence of current tobacco use (% of adults)","SH.PRV.SMOK","","","","","","","","","","","","","","","","","","","","","","","","","","","","","","","","","","","","","","","","","26.2","","","","","25.3","","","","","24.5","","","","","23.8","","","23.3","23.3","23.1","",
"Jamaica","JAM","Prevalence of current tobacco use (% of adults)","SH.PRV.SMOK","","","","","","","","","","","","","","","","","","","","","","","","","","","","","","","","","","","","","","","","","17.4","","","","","14.9","","","","","12.8","","","","","11","","","9.7","9.7","9.4","",
"Jordan","JOR","Prevalence of current tobacco use (% of adults)","SH.PRV.SMOK","","","","","","","","","","","","","","","","","","","","","","","","","","","","","","","","","","","","","","","","","30.7","","","","","31.7","","","","","32.6","","","","","33.7","","","34.6","34.6","34.8","",
"Japan","JPN","Prevalence of current tobacco use (% of adults)","SH.PRV.SMOK","","","","","","","","","","","","","","","","","","","","","","","","","","","","","","","","","","","","","","","","","33.3","","","","","29.4","","","","","25.8","","","","","22.7","","","20.5","20.5","20.1","",
"Kazakhstan","KAZ","Prevalence of current tobacco use (% of adults)","SH.PRV.SMOK","","","","","","","","","","","","","","","","","","","","","","","","","","","","","","","","","","","","","","","","","34.2","","","","","30.9","","","","","28.1","","","","","25.4","","","23.5","23.5","23.2","",
"Kenya","KEN","Prevalence of current tobacco use (% of adults)","SH.PRV.SMOK","","","","","","","","","","","","","","","","","","","","","","","","","","","","","","","","","","","","","","","","","19.3","","","","","16.8","","","","","14.7","","","","","12.8","","","11.5","11.5","11.1","",
"Kyrgyz Republic","KGZ","Prevalence of current tobacco use (% of adults)","SH.PRV.SMOK","","","","","","","","","","","","","","","","","","","","","","","","","","","","","","","","","","","","","","","","","31.4","","","","","30.3","","","","","29.4","","","","","28.4","","","27.6","27.6","25.4","",
"Cambodia","KHM","Prevalence of current tobacco use (% of adults)","SH.PRV.SMOK","","","","","","","","","","","","","","","","","","","","","","","","","","","","","","","","","","","","","","","","","42.3","","","","","36","","","","","30.1","","","","","25.2","","","21.9","21.9","21.1","",
"Kiribati","KIR","Prevalence of current tobacco use (% of adults)","SH.PRV.SMOK","","","","","","","","","","","","","","","","","","","","","","","","","","","","","","","","","","","","","","","","","68.5","","","","","60.4","","","","","52.7","","","","","46.4","","","41.7","41.7","40.6","",
"St. Kitts and Nevis","KNA","Prevalence of current tobacco use (% of adults)","SH.PRV.SMOK","","","","","","","","","","","","","","","","","","","","","","","","","","","","","","","","","","","","","","","","","","","","","","","","","","","","","","","","","","","","","","",
"Korea, Rep.","KOR","Prevalence of current tobacco use (% of adults)","SH.PRV.SMOK","","","","","","","","","","","","","","","","","","","","","","","","","","","","","","","","","","","","","","","","","35","","","","","30.7","","","","","27","","","","","23.8","","","21.4","21.4","20.8","",
"Kuwait","KWT","Prevalence of current tobacco use (% of adults)","SH.PRV.SMOK","","","","","","","","","","","","","","","","","","","","","","","","","","","","","","","","","","","","","","","","","20","","","","","19.5","","","","","18.9","","","","","18.3","","","17.9","17.9","17.9","",
"Latin America & Caribbean (excluding high income)","LAC","Prevalence of current tobacco use (% of adults)","SH.PRV.SMOK","","","","","","","","","","","","","","","","","","","","","","","","","","","","","","","","","","","","","","","","","24.368695026958","","","","","20.683852923365","","","","","17.5711016809035","","","","","15.030073414286","","","13.2940119019987","13.2837287832602","12.9012329223637","",
"Lao PDR","LAO","Prevalence of current tobacco use (% of adults)","SH.PRV.SMOK","","","","","","","","","","","","","","","","","","","","","","","","","","","","","","","","","","","","","","","","","52.5","","","","","46.2","","","","","40.5","","","","","35.8","","","32.5","32.5","31.8","",
"Lebanon","LBN","Prevalence of current tobacco use (% of adults)","SH.PRV.SMOK","","","","","","","","","","","","","","","","","","","","","","","","","","","","","","","","","","","","","","","","","40.2","","","","","39.7","","","","","39.1","","","","","38.7","","","38.4","38.4","38.2","",
"Liberia","LBR","Prevalence of current tobacco use (% of adults)","SH.PRV.SMOK","","","","","","","","","","","","","","","","","","","","","","","","","","","","","","","","","","","","","","","","","16.3","","","","","13.6","","","","","11.5","","","","","9.6","","","8.4","8.4","8.2","",
"Libya","LBY","Prevalence of current tobacco use (% of adults)","SH.PRV.SMOK","","","","","","","","","","","","","","","","","","","","","","","","","","","","","","","","","","","","","","","","","","","","","","","","","","","","","","","","","","","","","","",
"St. Lucia","LCA","Prevalence of current tobacco use (% of adults)","SH.PRV.SMOK","","","","","","","","","","","","","","","","","","","","","","","","","","","","","","","","","","","","","","","","","","","","","","","","","","","","","","","","","","","","","","",
"Latin America & Caribbean","LCN","Prevalence of current tobacco use (% of adults)","SH.PRV.SMOK","","","","","","","","","","","","","","","","","","","","","","","","","","","","","","","","","","","","","","","","","25.1426266196585","","","","","21.398694625091","","","","","18.2323462450612","","","","","15.6262609839963","","","13.8533909786762","13.8462400457612","13.4539696626","",
"Least developed countries: UN classification","LDC","Prevalence of current tobacco use (% of adults)","SH.PRV.SMOK","","","","","","","","","","","","","","","","","","","","","","","","","","","","","","","","","","","","","","","","","36.8912385359737","","","","","31.531104744496","","","","","26.7654940817314","","","","","22.9234382222973","","","20.4068647432013","20.3152040117094","19.7799939538389","",
"Low income","LIC","Prevalence of current tobacco use (% of adults)","SH.PRV.SMOK","","","","","","","","","","","","","","","","","","","","","","","","","","","","","","","","","","","","","","","","","21.7427485414944","","","","","18.7984960899347","","","","","16.3165600209254","","","","","14.2712545227689","","","12.8654083071287","12.8517007497582","12.5249364005657","",
"Liechtenstein","LIE","Prevalence of current tobacco use (% of adults)","SH.PRV.SMOK","","","","","","","","","","","","","","","","","","","","","","","","","","","","","","","","","","","","","","","","","","","","","","","","","","","","","","","","","","","","","","",
"Sri Lanka","LKA","Prevalence of current tobacco use (% of adults)","SH.PRV.SMOK","","","","","","","","","","","","","","","","","","","","","","","","","","","","","","","","","","","","","","","","","28.5","","","","","26.5","","","","","24.8","","","","","23.3","","","22.3","22.3","22","",
"Lower middle income","LMC","Prevalence of current tobacco use (% of adults)","SH.PRV.SMOK","","","","","","","","","","","","","","","","","","","","","","","","","","","","","","","","","","","","","","","","","42.5648461591431","","","","","36.8078802745199","","","","","31.9967524381607","","","","","28.1076179665648","","","25.3917840965266","25.3625158223502","24.7740243391413","",
"Low & middle income","LMY","Prevalence of current tobacco use (% of adults)","SH.PRV.SMOK","","","","","","","","","","","","","","","","","","","","","","","","","","","","","","","","","","","","","","","","","34.1990583618207","","","","","30.8090586168363","","","","","27.8371621108143","","","","","25.3307476898998","","","23.5489095126377","23.5128877634361","23.0932706811709","",
"Lesotho","LSO","Prevalence of current tobacco use (% of adults)","SH.PRV.SMOK","","","","","","","","","","","","","","","","","","","","","","","","","","","","","","","","","","","","","","","","","31.1","","","","","28.9","","","","","27.2","","","","","25.6","","","24.4","24.4","24.3","",
"Late-demographic dividend","LTE","Prevalence of current tobacco use (% of adults)","SH.PRV.SMOK","","","","","","","","","","","","","","","","","","","","","","","","","","","","","","","","","","","","","","","","","27.8561340705232","","","","","26.7641586399052","","","","","25.6037774481325","","","","","24.5954409301943","","","23.8750975738062","23.8582787302475","23.6452463492235","",
"Lithuania","LTU","Prevalence of current tobacco use (% of adults)","SH.PRV.SMOK","","","","","","","","","","","","","","","","","","","","","","","","","","","","","","","","","","","","","","","","","41.4","","","","","38.9","","","","","36.4","","","","","34","","","32.3","32.3","32","",
"Luxembourg","LUX","Prevalence of current tobacco use (% of adults)","SH.PRV.SMOK","","","","","","","","","","","","","","","","","","","","","","","","","","","","","","","","","","","","","","","","","31","","","","","28.2","","","","","25.6","","","","","23.2","","","21.6","21.6","21.1","",
"Latvia","LVA","Prevalence of current tobacco use (% of adults)","SH.PRV.SMOK","","","","","","","","","","","","","","","","","","","","","","","","","","","","","","","","","","","","","","","","","43.8","","","","","41.9","","","","","40.1","","","","","38.5","","","37.2","37.2","37","",
"Macao SAR, China","MAC","Prevalence of current tobacco use (% of adults)","SH.PRV.SMOK","","","","","","","","","","","","","","","","","","","","","","","","","","","","","","","","","","","","","","","","","","","","","","","","","","","","","","","","","","","","","","",
"St. Martin (French part)","MAF","Prevalence of current tobacco use (% of adults)","SH.PRV.SMOK","","","","","","","","","","","","","","","","","","","","","","","","","","","","","","","","","","","","","","","","","","","","","","","","","","","","","","","","","","","","","","",
"Morocco","MAR","Prevalence of current tobacco use (% of adults)","SH.PRV.SMOK","","","","","","","","","","","","","","","","","","","","","","","","","","","","","","","","","","","","","","","","","22.5","","","","","20.1","","","","","18.1","","","","","16.2","","","14.9","14.9","14.5","",
"Monaco","MCO","Prevalence of current tobacco use (% of adults)","SH.PRV.SMOK","","","","","","","","","","","","","","","","","","","","","","","","","","","","","","","","","","","","","","","","","","","","","","","","","","","","","","","","","","","","","","",
"Moldova","MDA","Prevalence of current tobacco use (% of adults)","SH.PRV.SMOK","","","","","","","","","","","","","","","","","","","","","","","","","","","","","","","","","","","","","","","","","25.3","","","","","26","","","","","26.9","","","","","27.9","","","28.7","28.7","29","",
"Madagascar","MDG","Prevalence of current tobacco use (% of adults)","SH.PRV.SMOK","","","","","","","","","","","","","","","","","","","","","","","","","","","","","","","","","","","","","","","","","46.7","","","","","40.7","","","","","35.4","","","","","31.3","","","28.4","28.4","27.8","",
"Maldives","MDV","Prevalence of current tobacco use (% of adults)","SH.PRV.SMOK","","","","","","","","","","","","","","","","","","","","","","","","","","","","","","","","","","","","","","","","","38.3","","","","","34.1","","","","","30.6","","","","","27.6","","","25.9","25.9","25.2","",
"Middle East & North Africa","MEA","Prevalence of current tobacco use (% of adults)","SH.PRV.SMOK","","","","","","","","","","","","","","","","","","","","","","","","","","","","","","","","","","","","","","","","","23.1873831753002","","","","","21.8329523485627","","","","","20.7668207660302","","","","","19.9400125207282","","","19.334189783663","19.3337925200396","19.158235423633","",
"Mexico","MEX","Prevalence of current tobacco use (% of adults)","SH.PRV.SMOK","","","","","","","","","","","","","","","","","","","","","","","","","","","","","","","","","","","","","","","","","24","","","","","20.6","","","","","17.7","","","","","15.2","","","13.4","13.4","13.1","",
"Marshall Islands","MHL","Prevalence of current tobacco use (% of adults)","SH.PRV.SMOK","","","","","","","","","","","","","","","","","","","","","","","","","","","","","","","","","","","","","","","","","28.5","","","","","28.4","","","","","28.4","","","","","28.4","","","28.4","28.4","28.5","",
"Middle income","MIC","Prevalence of current tobacco use (% of adults)","SH.PRV.SMOK","","","","","","","","","","","","","","","","","","","","","","","","","","","","","","","","","","","","","","","","","34.9154719492151","","","","","31.5370596175634","","","","","28.5897475936409","","","","","26.1223505704719","","","24.3583173090404","24.3361006879767","23.9252890970932","",
"North Macedonia","MKD","Prevalence of current tobacco use (% of adults)","SH.PRV.SMOK","","","","","","","","","","","","","","","","","","","","","","","","","","","","","","","","","","","","","","","","","","","","","","","","","","","","","","","","","","","","","","",
"Mali","MLI","Prevalence of current tobacco use (% of adults)","SH.PRV.SMOK","","","","","","","","","","","","","","","","","","","","","","","","","","","","","","","","","","","","","","","","","16.3","","","","","13.8","","","","","11.6","","","","","9.9","","","8.6","8.6","8.3","",
"Malta","MLT","Prevalence of current tobacco use (% of adults)","SH.PRV.SMOK","","","","","","","","","","","","","","","","","","","","","","","","","","","","","","","","","","","","","","","","","34.3","","","","","31.4","","","","","28.6","","","","","26.3","","","24.5","24.5","24","",
"Myanmar","MMR","Prevalence of current tobacco use (% of adults)","SH.PRV.SMOK","","","","","","","","","","","","","","","","","","","","","","","","","","","","","","","","","","","","","","","","","66.9","","","","","60.6","","","","","54.6","","","","","48.8","","","45.1","45.1","44.1","",
"Middle East & North Africa (excluding high income)","MNA","Prevalence of current tobacco use (% of adults)","SH.PRV.SMOK","","","","","","","","","","","","","","","","","","","","","","","","","","","","","","","","","","","","","","","","","23.8861878354669","","","","","22.4672309902963","","","","","21.4731705957657","","","","","20.6808707294848","","","20.0615944875067","20.0609533825548","19.8398278721757","",
"Montenegro","MNE","Prevalence of current tobacco use (% of adults)","SH.PRV.SMOK","","","","","","","","","","","","","","","","","","","","","","","","","","","","","","","","","","","","","","","","","38.7","","","","","36.7","","","","","34.9","","","","","33.1","","","31.8","31.8","31.4","",
"Mongolia","MNG","Prevalence of current tobacco use (% of adults)","SH.PRV.SMOK","","","","","","","","","","","","","","","","","","","","","","","","","","","","","","","","","","","","","","","","","34.1","","","","","32.9","","","","","31.6","","","","","30.6","","","29.6","29.6","29.4","",
"Northern Mariana Islands","MNP","Prevalence of current tobacco use (% of adults)","SH.PRV.SMOK","","","","","","","","","","","","","","","","","","","","","","","","","","","","","","","","","","","","","","","","","","","","","","","","","","","","","","","","","","","","","","",
"Mozambique","MOZ","Prevalence of current tobacco use (% of adults)","SH.PRV.SMOK","","","","","","","","","","","","","","","","","","","","","","","","","","","","","","","","","","","","","","","","","29.4","","","","","24.5","","","","","20.5","","","","","17","","","14.8","14.8","14.3","",
"Mauritania","MRT","Prevalence of current tobacco use (% of adults)","SH.PRV.SMOK","","","","","","","","","","","","","","","","","","","","","","","","","","","","","","","","","","","","","","","","","21.3","","","","","17.9","","","","","15.1","","","","","12.6","","","11.1","11.1","10.7","",
"Mauritius","MUS","Prevalence of current tobacco use (% of adults)","SH.PRV.SMOK","","","","","","","","","","","","","","","","","","","","","","","","","","","","","","","","","","","","","","","","","25.5","","","","","24.1","","","","","22.7","","","","","21.4","","","20.5","20.5","20.2","",
"Malawi","MWI","Prevalence of current tobacco use (% of adults)","SH.PRV.SMOK","","","","","","","","","","","","","","","","","","","","","","","","","","","","","","","","","","","","","","","","","24.1","","","","","19.5","","","","","16","","","","","13.1","","","11.3","11.3","10.8","",
"Malaysia","MYS","Prevalence of current tobacco use (% of adults)","SH.PRV.SMOK","","","","","","","","","","","","","","","","","","","","","","","","","","","","","","","","","","","","","","","","","29.5","","","","","27.5","","","","","25.6","","","","","23.9","","","22.8","22.8","22.5","",
"North America","NAC","Prevalence of current tobacco use (% of adults)","SH.PRV.SMOK","","","","","","","","","","","","","","","","","","","","","","","","","","","","","","","","","","","","","","","","","33.25672979688","","","","","29.8581101052356","","","","","27.1063870727775","","","","","24.3160838346724","","","22.3707166514507","22.3625131171401","21.9408343060706","",
"Namibia","NAM","Prevalence of current tobacco use (% of adults)","SH.PRV.SMOK","","","","","","","","","","","","","","","","","","","","","","","","","","","","","","","","","","","","","","","","","25.6","","","","","22.3","","","","","19.5","","","","","17.1","","","15.5","15.5","15.1","",
"New Caledonia","NCL","Prevalence of current tobacco use (% of adults)","SH.PRV.SMOK","","","","","","","","","","","","","","","","","","","","","","","","","","","","","","","","","","","","","","","","","","","","","","","","","","","","","","","","","","","","","","",
"Niger","NER","Prevalence of current tobacco use (% of adults)","SH.PRV.SMOK","","","","","","","","","","","","","","","","","","","","","","","","","","","","","","","","","","","","","","","","","9.7","","","","","9","","","","","8.4","","","","","7.9","","","7.6","7.6","7.4","",
"Nigeria","NGA","Prevalence of current tobacco use (% of adults)","SH.PRV.SMOK","","","","","","","","","","","","","","","","","","","","","","","","","","","","","","","","","","","","","","","","","9.3","","","","","7.4","","","","","5.9","","","","","4.7","","","3.9","3.9","3.7","",
"Nicaragua","NIC","Prevalence of current tobacco use (% of adults)","SH.PRV.SMOK","","","","","","","","","","","","","","","","","","","","","","","","","","","","","","","","","","","","","","","","","","","","","","","","","","","","","","","","","","","","","","",
"Netherlands","NLD","Prevalence of current tobacco use (% of adults)","SH.PRV.SMOK","","","","","","","","","","","","","","","","","","","","","","","","","","","","","","","","","","","","","","","","","34.3","","","","","30.6","","","","","27.5","","","","","24.6","","","22.6","22.6","22.2","",
"Norway","NOR","Prevalence of current tobacco use (% of adults)","SH.PRV.SMOK","","","","","","","","","","","","","","","","","","","","","","","","","","","","","","","","","","","","","","","","","44","","","","","34.3","","","","","26.7","","","","","20.7","","","17.1","17.1","16.2","",
"Nepal","NPL","Prevalence of current tobacco use (% of adults)","SH.PRV.SMOK","","","","","","","","","","","","","","","","","","","","","","","","","","","","","","","","","","","","","","","","","64.5","","","","","53.5","","","","","43.6","","","","","36","","","31.5","31.5","30.4","",
"Nauru","NRU","Prevalence of current tobacco use (% of adults)","SH.PRV.SMOK","","","","","","","","","","","","","","","","","","","","","","","","","","","","","","","","","","","","","","","","","63.4","","","","","59.2","","","","","55.5","","","","","51.8","","","49.2","49.2","48.5","",
"New Zealand","NZL","Prevalence of current tobacco use (% of adults)","SH.PRV.SMOK","","","","","","","","","","","","","","","","","","","","","","","","","","","","","","","","","","","","","","","","","29.6","","","","","24.3","","","","","20.1","","","","","16.5","","","14.2","14.2","13.7","",
"OECD members","OED","Prevalence of current tobacco use (% of adults)","SH.PRV.SMOK","","","","","","","","","","","","","","","","","","","","","","","","","","","","","","","","","","","","","","","","","33.1250969289672","","","","","29.6887361489046","","","","","26.7514392931004","","","","","24.1002859893166","","","22.2647257412199","22.2462355842216","21.8218867778459","",
"Oman","OMN","Prevalence of current tobacco use (% of adults)","SH.PRV.SMOK","","","","","","","","","","","","","","","","","","","","","","","","","","","","","","","","","","","","","","","","","7.6","","","","","7.7","","","","","7.7","","","","","7.8","","","7.9","7.9","8","",
"Other small states","OSS","Prevalence of current tobacco use (% of adults)","SH.PRV.SMOK","","","","","","","","","","","","","","","","","","","","","","","","","","","","","","","","","","","","","","","","","30.0251725636655","","","","","26.6922007839186","","","","","23.437094452238","","","","","20.9597729458218","","","19.3876532338989","19.3717239058185","19.0208499874567","",
"Pakistan","PAK","Prevalence of current tobacco use (% of adults)","SH.PRV.SMOK","","","","","","","","","","","","","","","","","","","","","","","","","","","","","","","","","","","","","","","","","37.5","","","","","31.9","","","","","27.4","","","","","23.6","","","20.8","20.8","20.2","",
"Panama","PAN","Prevalence of current tobacco use (% of adults)","SH.PRV.SMOK","","","","","","","","","","","","","","","","","","","","","","","","","","","","","","","","","","","","","","","","","13.4","","","","","10.5","","","","","8.2","","","","","6.4","","","5.3","5.3","5","",
"Peru","PER","Prevalence of current tobacco use (% of adults)","SH.PRV.SMOK","","","","","","","","","","","","","","","","","","","","","","","","","","","","","","","","","","","","","","","","","32.9","","","","","23.1","","","","","16.3","","","","","11.5","","","8.7","8.7","8.1","",
"Philippines","PHL","Prevalence of current tobacco use (% of adults)","SH.PRV.SMOK","","","","","","","","","","","","","","","","","","","","","","","","","","","","","","","","","","","","","","","","","34.9","","","","","31.6","","","","","28.3","","","","","25.4","","","23.4","23.4","22.9","",
"Palau","PLW","Prevalence of current tobacco use (% of adults)","SH.PRV.SMOK","","","","","","","","","","","","","","","","","","","","","","","","","","","","","","","","","","","","","","","","","26.1","","","","","23.7","","","","","21.4","","","","","19.4","","","17.9","17.9","17.6","",
"Papua New Guinea","PNG","Prevalence of current tobacco use (% of adults)","SH.PRV.SMOK","","","","","","","","","","","","","","","","","","","","","","","","","","","","","","","","","","","","","","","","","54.1","","","","","49.7","","","","","45.9","","","","","42.5","","","39.9","39.9","39.3","",
"Poland","POL","Prevalence of current tobacco use (% of adults)","SH.PRV.SMOK","","","","","","","","","","","","","","","","","","","","","","","","","","","","","","","","","","","","","","","","","39.6","","","","","35","","","","","30.8","","","","","27.2","","","24.7","24.7","24","",
"Pre-demographic dividend","PRE","Prevalence of current tobacco use (% of adults)","SH.PRV.SMOK","","","","","","","","","","","","","","","","","","","","","","","","","","","","","","","","","","","","","","","","","19.452847308306","","","","","16.4375518785985","","","","","14.0050173427186","","","","","12.0946727871035","","","10.7845721531964","10.7905512888622","10.4709057665133","",
"Puerto Rico","PRI","Prevalence of current tobacco use (% of adults)","SH.PRV.SMOK","","","","","","","","","","","","","","","","","","","","","","","","","","","","","","","","","","","","","","","","","","","","","","","","","","","","","","","","","","","","","","",
"Korea, Dem. People's Rep.","PRK","Prevalence of current tobacco use (% of adults)","SH.PRV.SMOK","","","","","","","","","","","","","","","","","","","","","","","","","","","","","","","","","","","","","","","","","28.5","","","","","25.2","","","","","22.3","","","","","19.6","","","17.8","17.8","17.4","",
"Portugal","PRT","Prevalence of current tobacco use (% of adults)","SH.PRV.SMOK","","","","","","","","","","","","","","","","","","","","","","","","","","","","","","","","","","","","","","","","","25.7","","","","","25.3","","","","","25.3","","","","","25.2","","","25.3","25.3","25.4","",
"Paraguay","PRY","Prevalence of current tobacco use (% of adults)","SH.PRV.SMOK","","","","","","","","","","","","","","","","","","","","","","","","","","","","","","","","","","","","","","","","","29.1","","","","","23","","","","","18.2","","","","","14.5","","","12.1","12.1","11.5","",
"West Bank and Gaza","PSE","Prevalence of current tobacco use (% of adults)","SH.PRV.SMOK","","","","","","","","","","","","","","","","","","","","","","","","","","","","","","","","","","","","","","","","","","","","","","","","","","","","","","","","","","","","","","",
"Pacific island small states","PSS","Prevalence of current tobacco use (% of adults)","SH.PRV.SMOK","","","","","","","","","","","","","","","","","","","","","","","","","","","","","","","","","","","","","","","","","36.3977162402202","","","","","33.7314120919767","","","","","31.466202066071","","","","","29.3915697587117","","","27.902644375355","27.9412990420288","27.6124463562297","",
"Post-demographic dividend","PST","Prevalence of current tobacco use (% of adults)","SH.PRV.SMOK","","","","","","","","","","","","","","","","","","","","","","","","","","","","","","","","","","","","","","","","","34.503988939786","","","","","30.9775141684613","","","","","27.9375237724173","","","","","25.1834705685272","","","23.2569650172273","23.2472567546313","22.811148591904","",
"French Polynesia","PYF","Prevalence of current tobacco use (% of adults)","SH.PRV.SMOK","","","","","","","","","","","","","","","","","","","","","","","","","","","","","","","","","","","","","","","","","","","","","","","","","","","","","","","","","","","","","","",
"Qatar","QAT","Prevalence of current tobacco use (% of adults)","SH.PRV.SMOK","","","","","","","","","","","","","","","","","","","","","","","","","","","","","","","","","","","","","","","","","13.5","","","","","13","","","","","12.6","","","","","12.2","","","12","12","11.8","",
"Romania","ROU","Prevalence of current tobacco use (% of adults)","SH.PRV.SMOK","","","","","","","","","","","","","","","","","","","","","","","","","","","","","","","","","","","","","","","","","35","","","","","33.2","","","","","31.4","","","","","29.7","","","28.4","28.4","28","",
"Russian Federation","RUS","Prevalence of current tobacco use (% of adults)","SH.PRV.SMOK","","","","","","","","","","","","","","","","","","","","","","","","","","","","","","","","","","","","","","","","","33.3","","","","","31.3","","","","","29.8","","","","","28.3","","","27.1","27.1","26.8","",
"Rwanda","RWA","Prevalence of current tobacco use (% of adults)","SH.PRV.SMOK","","","","","","","","","","","","","","","","","","","","","","","","","","","","","","","","","","","","","","","","","24.8","","","","","21.3","","","","","18.5","","","","","15.9","","","14.1","14.1","13.7","",
"South Asia","SAS","Prevalence of current tobacco use (% of adults)","SH.PRV.SMOK","","","","","","","","","","","","","","","","","","","","","","","","","","","","","","","","","","","","","","","","","52.6754010350662","","","","","44.2464439104856","","","","","37.2808446608706","","","","","31.74390086432","","","27.8869463170204","27.8854525302818","27.0610506134705","",
"Saudi Arabia","SAU","Prevalence of current tobacco use (% of adults)","SH.PRV.SMOK","","","","","","","","","","","","","","","","","","","","","","","","","","","","","","","","","","","","","","","","","14.2","","","","","14.2","","","","","14.2","","","","","14.2","","","14.2","14.2","14.3","",
"Sudan","SDN","Prevalence of current tobacco use (% of adults)","SH.PRV.SMOK","","","","","","","","","","","","","","","","","","","","","","","","","","","","","","","","","","","","","","","","","","","","","","","","","","","","","","","","","","","","","","",
"Senegal","SEN","Prevalence of current tobacco use (% of adults)","SH.PRV.SMOK","","","","","","","","","","","","","","","","","","","","","","","","","","","","","","","","","","","","","","","","","14.3","","","","","11.9","","","","","9.9","","","","","8.3","","","7.1","7.1","6.9","",
"Singapore","SGP","Prevalence of current tobacco use (% of adults)","SH.PRV.SMOK","","","","","","","","","","","","","","","","","","","","","","","","","","","","","","","","","","","","","","","","","16.4","","","","","16.5","","","","","16.5","","","","","16.5","","","16.6","16.6","16.5","",
"Solomon Islands","SLB","Prevalence of current tobacco use (% of adults)","SH.PRV.SMOK","","","","","","","","","","","","","","","","","","","","","","","","","","","","","","","","","","","","","","","","","43.5","","","","","41.3","","","","","39.6","","","","","37.9","","","36.8","36.8","36.5","",
"Sierra Leone","SLE","Prevalence of current tobacco use (% of adults)","SH.PRV.SMOK","","","","","","","","","","","","","","","","","","","","","","","","","","","","","","","","","","","","","","","","","43.7","","","","","32.6","","","","","24.3","","","","","18.1","","","14.3","14.3","13.5","",
"El Salvador","SLV","Prevalence of current tobacco use (% of adults)","SH.PRV.SMOK","","","","","","","","","","","","","","","","","","","","","","","","","","","","","","","","","","","","","","","","","15.9","","","","","13.4","","","","","11.3","","","","","9.5","","","8.3","8.3","7.9","",
"San Marino","SMR","Prevalence of current tobacco use (% of adults)","SH.PRV.SMOK","","","","","","","","","","","","","","","","","","","","","","","","","","","","","","","","","","","","","","","","","","","","","","","","","","","","","","","","","","","","","","",
"Somalia","SOM","Prevalence of current tobacco use (% of adults)","SH.PRV.SMOK","","","","","","","","","","","","","","","","","","","","","","","","","","","","","","","","","","","","","","","","","","","","","","","","","","","","","","","","","","","","","","",
"Serbia","SRB","Prevalence of current tobacco use (% of adults)","SH.PRV.SMOK","","","","","","","","","","","","","","","","","","","","","","","","","","","","","","","","","","","","","","","","","45.1","","","","","43.7","","","","","42.3","","","","","40.9","","","40.1","40.1","39.8","",
"Sub-Saharan Africa (excluding high income)","SSA","Prevalence of current tobacco use (% of adults)","SH.PRV.SMOK","","","","","","","","","","","","","","","","","","","","","","","","","","","","","","","","","","","","","","","","","17.5973962643158","","","","","14.9683981977797","","","","","12.8240656277962","","","","","11.0770495402113","","","9.87508850357722","9.8620340289001","9.57687030941057","",
"South Sudan","SSD","Prevalence of current tobacco use (% of adults)","SH.PRV.SMOK","","","","","","","","","","","","","","","","","","","","","","","","","","","","","","","","","","","","","","","","","","","","","","","","","","","","","","","","","","","","","","",
"Sub-Saharan Africa","SSF","Prevalence of current tobacco use (% of adults)","SH.PRV.SMOK","","","","","","","","","","","","","","","","","","","","","","","","","","","","","","","","","","","","","","","","","17.5993287364989","","","","","14.9701859132611","","","","","12.8257866621321","","","","","11.0785958718475","","","9.8765131868562","9.86343165358764","9.57822521161839","",
"Small states","SST","Prevalence of current tobacco use (% of adults)","SH.PRV.SMOK","","","","","","","","","","","","","","","","","","","","","","","","","","","","","","","","","","","","","","","","","28.4309437825593","","","","","25.2988238596815","","","","","22.3623745493014","","","","","20.0344587308314","","","18.539906012363","18.5344037391135","18.197862871333","",
"Sao Tome and Principe","STP","Prevalence of current tobacco use (% of adults)","SH.PRV.SMOK","","","","","","","","","","","","","","","","","","","","","","","","","","","","","","","","","","","","","","","","","7.8","","","","","7.2","","","","","6.6","","","","","6.2","","","5.8","5.8","5.7","",
"Suriname","SUR","Prevalence of current tobacco use (% of adults)","SH.PRV.SMOK","","","","","","","","","","","","","","","","","","","","","","","","","","","","","","","","","","","","","","","","","","","","","","","","","","","","","","","","","","","","","","",
"Slovak Republic","SVK","Prevalence of current tobacco use (% of adults)","SH.PRV.SMOK","","","","","","","","","","","","","","","","","","","","","","","","","","","","","","","","","","","","","","","","","32","","","","","31.7","","","","","31.6","","","","","31.5","","","31.5","31.5","31.5","",
"Slovenia","SVN","Prevalence of current tobacco use (% of adults)","SH.PRV.SMOK","","","","","","","","","","","","","","","","","","","","","","","","","","","","","","","","","","","","","","","","","25.1","","","","","24.2","","","","","23.5","","","","","22.7","","","22.3","22.3","22","",
"Sweden","SWE","Prevalence of current tobacco use (% of adults)","SH.PRV.SMOK","","","","","","","","","","","","","","","","","","","","","","","","","","","","","","","","","","","","","","","","","43.8","","","","","37.6","","","","","32.3","","","","","27.9","","","24.8","24.8","24","",
"Eswatini","SWZ","Prevalence of current tobacco use (% of adults)","SH.PRV.SMOK","","","","","","","","","","","","","","","","","","","","","","","","","","","","","","","","","","","","","","","","","12.3","","","","","11.4","","","","","10.5","","","","","9.8","","","9.3","9.3","9.2","",
"Sint Maarten (Dutch part)","SXM","Prevalence of current tobacco use (% of adults)","SH.PRV.SMOK","","","","","","","","","","","","","","","","","","","","","","","","","","","","","","","","","","","","","","","","","","","","","","","","","","","","","","","","","","","","","","",
"Seychelles","SYC","Prevalence of current tobacco use (% of adults)","SH.PRV.SMOK","","","","","","","","","","","","","","","","","","","","","","","","","","","","","","","","","","","","","","","","","28.7","","","","","26.2","","","","","24","","","","","22.1","","","20.6","20.6","20.2","",
"Syrian Arab Republic","SYR","Prevalence of current tobacco use (% of adults)","SH.PRV.SMOK","","","","","","","","","","","","","","","","","","","","","","","","","","","","","","","","","","","","","","","","","","","","","","","","","","","","","","","","","","","","","","",
"Turks and Caicos Islands","TCA","Prevalence of current tobacco use (% of adults)","SH.PRV.SMOK","","","","","","","","","","","","","","","","","","","","","","","","","","","","","","","","","","","","","","","","","","","","","","","","","","","","","","","","","","","","","","",
"Chad","TCD","Prevalence of current tobacco use (% of adults)","SH.PRV.SMOK","","","","","","","","","","","","","","","","","","","","","","","","","","","","","","","","","","","","","","","","","13.9","","","","","12.2","","","","","10.7","","","","","9.4","","","8.5","8.5","8.3","",
"East Asia & Pacific (IDA & IBRD countries)","TEA","Prevalence of current tobacco use (% of adults)","SH.PRV.SMOK","","","","","","","","","","","","","","","","","","","","","","","","","","","","","","","","","","","","","","","","","29.5200798375419","","","","","28.968597947762","","","","","28.2793926654993","","","","","27.705532531902","","","27.3117258892053","27.3198385902614","27.2194123318671","",
"Europe & Central Asia (IDA & IBRD countries)","TEC","Prevalence of current tobacco use (% of adults)","SH.PRV.SMOK","","","","","","","","","","","","","","","","","","","","","","","","","","","","","","","","","","","","","","","","","34.6505047750833","","","","","32.2958591410171","","","","","30.2769359076477","","","","","28.4585795555746","","","27.1638130111272","27.1529283638656","26.7986179573208","",
"Togo","TGO","Prevalence of current tobacco use (% of adults)","SH.PRV.SMOK","","","","","","","","","","","","","","","","","","","","","","","","","","","","","","","","","","","","","","","","","14.4","","","","","11.9","","","","","9.8","","","","","8.2","","","7.1","7.1","6.8","",
"Thailand","THA","Prevalence of current tobacco use (% of adults)","SH.PRV.SMOK","","","","","","","","","","","","","","","","","","","","","","","","","","","","","","","","","","","","","","","","","31.7","","","","","28.8","","","","","26.3","","","","","24.1","","","22.5","22.5","22.1","",
"Tajikistan","TJK","Prevalence of current tobacco use (% of adults)","SH.PRV.SMOK","","","","","","","","","","","","","","","","","","","","","","","","","","","","","","","","","","","","","","","","","","","","","","","","","","","","","","","","","","","","","","",
"Turkmenistan","TKM","Prevalence of current tobacco use (% of adults)","SH.PRV.SMOK","","","","","","","","","","","","","","","","","","","","","","","","","","","","","","","","","","","","","","","","","12","","","","","9.9","","","","","8.2","","","","","6.7","","","5.8","5.8","5.5","",
"Latin America & the Caribbean (IDA & IBRD countries)","TLA","Prevalence of current tobacco use (% of adults)","SH.PRV.SMOK","","","","","","","","","","","","","","","","","","","","","","","","","","","","","","","","","","","","","","","","","24.7299191122914","","","","","21.1071303521736","","","","","18.0296004054224","","","","","15.4883939204697","","","13.7525576611463","13.7467907696072","13.3641719201144","",
"Timor-Leste","TLS","Prevalence of current tobacco use (% of adults)","SH.PRV.SMOK","","","","","","","","","","","","","","","","","","","","","","","","","","","","","","","","","","","","","","","","","53.5","","","","","49.5","","","","","46","","","","","42.5","","","39.8","39.8","39.2","",
"Middle East & North Africa (IDA & IBRD countries)","TMN","Prevalence of current tobacco use (% of adults)","SH.PRV.SMOK","","","","","","","","","","","","","","","","","","","","","","","","","","","","","","","","","","","","","","","","","23.8861878354669","","","","","22.4672309902963","","","","","21.4731705957657","","","","","20.6808707294848","","","20.0615944875067","20.0609533825548","19.8398278721757","",
"Tonga","TON","Prevalence of current tobacco use (% of adults)","SH.PRV.SMOK","","","","","","","","","","","","","","","","","","","","","","","","","","","","","","","","","","","","","","","","","33.5","","","","","32.8","","","","","32.1","","","","","31.6","","","31.1","31.1","31","",
"South Asia (IDA & IBRD)","TSA","Prevalence of current tobacco use (% of adults)","SH.PRV.SMOK","","","","","","","","","","","","","","","","","","","","","","","","","","","","","","","","","","","","","","","","","52.6754010350662","","","","","44.2464439104856","","","","","37.2808446608706","","","","","31.74390086432","","","27.8869463170205","27.8854525302818","27.0610506134705","",
"Sub-Saharan Africa (IDA & IBRD countries)","TSS","Prevalence of current tobacco use (% of adults)","SH.PRV.SMOK","","","","","","","","","","","","","","","","","","","","","","","","","","","","","","","","","","","","","","","","","17.5993287364989","","","","","14.9701859132611","","","","","12.8257866621321","","","","","11.0785958718475","","","9.8765131868562","9.86343165358764","9.57822521161839","",
"Trinidad and Tobago","TTO","Prevalence of current tobacco use (% of adults)","SH.PRV.SMOK","","","","","","","","","","","","","","","","","","","","","","","","","","","","","","","","","","","","","","","","","","","","","","","","","","","","","","","","","","","","","","",
"Tunisia","TUN","Prevalence of current tobacco use (% of adults)","SH.PRV.SMOK","","","","","","","","","","","","","","","","","","","","","","","","","","","","","","","","","","","","","","","","","34.3","","","","","31.6","","","","","29","","","","","26.6","","","25","25","24.6","",
"Turkiye","TUR","Prevalence of current tobacco use (% of adults)","SH.PRV.SMOK","","","","","","","","","","","","","","","","","","","","","","","","","","","","","","","","","","","","","","","","","32.9","","","","","32.2","","","","","31.7","","","","","31.1","","","30.9","30.9","30.7","",
"Tuvalu","TUV","Prevalence of current tobacco use (% of adults)","SH.PRV.SMOK","","","","","","","","","","","","","","","","","","","","","","","","","","","","","","","","","","","","","","","","","48.8","","","","","45.3","","","","","41.8","","","","","38.4","","","36","36","35.6","",
"Tanzania","TZA","Prevalence of current tobacco use (% of adults)","SH.PRV.SMOK","","","","","","","","","","","","","","","","","","","","","","","","","","","","","","","","","","","","","","","","","27.8","","","","","20.7","","","","","15.5","","","","","11.6","","","9.2","9.2","8.7","",
"Uganda","UGA","Prevalence of current tobacco use (% of adults)","SH.PRV.SMOK","","","","","","","","","","","","","","","","","","","","","","","","","","","","","","","","","","","","","","","","","24.7","","","","","18.8","","","","","14.3","","","","","10.9","","","8.9","8.9","8.4","",
"Ukraine","UKR","Prevalence of current tobacco use (% of adults)","SH.PRV.SMOK","","","","","","","","","","","","","","","","","","","","","","","","","","","","","","","","","","","","","","","","","37.7","","","","","34.3","","","","","31.1","","","","","28.4","","","26.2","26.2","25.8","",
"Upper middle income","UMC","Prevalence of current tobacco use (% of adults)","SH.PRV.SMOK","","","","","","","","","","","","","","","","","","","","","","","","","","","","","","","","","","","","","","","","","27.4073360858321","","","","","26.2004406916589","","","","","24.9755893675479","","","","","23.9116610516758","","","23.1709720647027","23.1451305804628","22.9306239788834","",
"Uruguay","URY","Prevalence of current tobacco use (% of adults)","SH.PRV.SMOK","","","","","","","","","","","","","","","","","","","","","","","","","","","","","","","","","","","","","","","","","35.3","","","","","31.2","","","","","27.5","","","","","24.3","","","22","22","21.5","",
"United States","USA","Prevalence of current tobacco use (% of adults)","SH.PRV.SMOK","","","","","","","","","","","","","","","","","","","","","","","","","","","","","","","","","","","","","","","","","33.8","","","","","30.6","","","","","28","","","","","25.3","","","23.4","23.4","23","",
"Uzbekistan","UZB","Prevalence of current tobacco use (% of adults)","SH.PRV.SMOK","","","","","","","","","","","","","","","","","","","","","","","","","","","","","","","","","","","","","","","","","24.9","","","","","22.7","","","","","20.9","","","","","19.1","","","17.8","17.8","17.6","",
"St. Vincent and the Grenadines","VCT","Prevalence of current tobacco use (% of adults)","SH.PRV.SMOK","","","","","","","","","","","","","","","","","","","","","","","","","","","","","","","","","","","","","","","","","","","","","","","","","","","","","","","","","","","","","","",
"Venezuela, RB","VEN","Prevalence of current tobacco use (% of adults)","SH.PRV.SMOK","","","","","","","","","","","","","","","","","","","","","","","","","","","","","","","","","","","","","","","","","","","","","","","","","","","","","","","","","","","","","","",
"British Virgin Islands","VGB","Prevalence of current tobacco use (% of adults)","SH.PRV.SMOK","","","","","","","","","","","","","","","","","","","","","","","","","","","","","","","","","","","","","","","","","","","","","","","","","","","","","","","","","","","","","","",
"Virgin Islands (U.S.)","VIR","Prevalence of current tobacco use (% of adults)","SH.PRV.SMOK","","","","","","","","","","","","","","","","","","","","","","","","","","","","","","","","","","","","","","","","","","","","","","","","","","","","","","","","","","","","","","",
"Vietnam","VNM","Prevalence of current tobacco use (% of adults)","SH.PRV.SMOK","","","","","","","","","","","","","","","","","","","","","","","","","","","","","","","","","","","","","","","","","29.8","","","","","28.3","","","","","27","","","","","26","","","25","25","24.8","",
"Vanuatu","VUT","Prevalence of current tobacco use (% of adults)","SH.PRV.SMOK","","","","","","","","","","","","","","","","","","","","","","","","","","","","","","","","","","","","","","","","","25.6","","","","","23.3","","","","","21.3","","","","","19.4","","","18.2","18.2","17.8","",
"World","WLD","Prevalence of current tobacco use (% of adults)","SH.PRV.SMOK","","","","","","","","","","","","","","","","","","","","","","","","","","","","","","","","","","","","","","","","","34.1514878087251","","","","","30.748831423133","","","","","27.7672395516655","","","","","25.2239016661956","","","23.4281813146668","23.3973166406304","22.978352914611","",
"Samoa","WSM","Prevalence of current tobacco use (% of adults)","SH.PRV.SMOK","","","","","","","","","","","","","","","","","","","","","","","","","","","","","","","","","","","","","","","","","39","","","","","35","","","","","31.4","","","","","28.1","","","25.9","25.9","25.3","",
"Kosovo","XKX","Prevalence of current tobacco use (% of adults)","SH.PRV.SMOK","","","","","","","","","","","","","","","","","","","","","","","","","","","","","","","","","","","","","","","","","","","","","","","","","","","","","","","","","","","","","","",
"Yemen, Rep.","YEM","Prevalence of current tobacco use (% of adults)","SH.PRV.SMOK","","","","","","","","","","","","","","","","","","","","","","","","","","","","","","","","","","","","","","","","","27.3","","","","","25.3","","","","","23.4","","","","","21.8","","","20.5","20.5","20.3","",
"South Africa","ZAF","Prevalence of current tobacco use (% of adults)","SH.PRV.SMOK","","","","","","","","","","","","","","","","","","","","","","","","","","","","","","","","","","","","","","","","","23.5","","","","","22.5","","","","","21.6","","","","","21","","","20.4","20.4","20.3","",
"Zambia","ZMB","Prevalence of current tobacco use (% of adults)","SH.PRV.SMOK","","","","","","","","","","","","","","","","","","","","","","","","","","","","","","","","","","","","","","","","","19.9","","","","","18.1","","","","","16.7","","","","","15.5","","","14.6","14.6","14.4","",
"Zimbabwe","ZWE","Prevalence of current tobacco use (% of adults)","SH.PRV.SMOK","","","","","","","","","","","","","","","","","","","","","","","","","","","","","","","","","","","","","","","","","21","","","","","18.1","","","","","15.6","","","","","13.6","","","12.1","12.1","11.7","",
